LGWMRI-20180508-02-JP-4-6,1,1.質問,4,0,2018/9/30 18:00:00,0,2018/9/18 9:00:00,※必ず「はい」 または「いいえ」で答えさせる。必要箇所は子どもの受け答えのみ\n\n〔大人〕今日、朝ごはんは食べましたか? -> \n〔子ども〕はい/いいえ,false,false
LGWMRI-20180508-02-JP-4-6,2,2.質問,4,0,2018/9/30 18:00:00,0,2018/9/18 9:00:00,※必ず「はい」 または「いいえ」で答えさせる。必要箇所は子どもの受け答えのみ\n\n〔大人〕野菜は好きですか? -> \n〔子ども〕はい/いいえ,false,false
LGWMRI-20180508-02-JP-4-6,3,3.質問,4,0,2018/9/30 18:00:00,0,2018/9/18 9:00:00,※必ず「はい」 または「いいえ」で答えさせる。必要箇所は子どもの受け答えのみ\n\n〔大人〕泳ぐのは好きですか? -> \n〔子ども〕はい/いいえ,false,false
LGWMRI-20180508-02-JP-4-6,91,91.お母さんと一緒,4,0,2018/9/30 18:00:00,0,2018/9/18 9:00:00,お母さんと一緒,false,false
LGWMRI-20180508-02-JP-4-6,92,92.ここを調査しよう,4,0,2018/9/30 18:00:00,0,2018/9/18 9:00:00,ここを調査しよう,false,false
LGWMRI-20180508-02-JP-4-6,93,93.お気に入りの遊び,4,0,2018/9/30 18:00:00,0,2018/9/18 9:00:00,お気に入りの遊び,false,false
LGWMRI-20180508-02-JP-4-6,93,93.お気に入りの遊び,4,0,2018/9/30 18:00:00,0,2018/9/18 9:00:00,お気に入りの遊び, false, false
LGWMRI-20180508-02-JP-4-6,94,94.じゃんけんは意外に難しい,4,0,2018/9/30 18:00:00,0,2018/9/18 9:00:00,じゃんけんは意外に難しい, false, false
LGWMRI-20180508-02-JP-4-6,95,95.ぬいぐるみ,4,0,2018/9/30 18:00:00,0,2018/9/18 9:00:00,ぬいぐるみ, false, false
LGWMRI-20180508-02-JP-4-6,96,96.まだ知らないことがたくさんある,4,0,2018/9/30 18:00:00,0,2018/9/18 9:00:00,まだ知らないことがたくさんある, false, false
LGWMRI-20180508-02-JP-4-6,97,97.ピアノの発表会,4,0,2018/9/30 18:00:00,0,2018/9/18 9:00:00,ピアノの発表会, false, false
LGWMRI-20180508-02-JP-4-6,98,98.チューリップ畑,4,0,2018/9/30 18:00:00,0,2018/9/18 9:00:00,チューリップ畑, false, false
LGWMRI-20180508-02-JP-4-6,99,99.お寺と神社,4,0,2018/9/30 18:00:00,0,2018/9/18 9:00:00,お寺と神社, false, false
LGWMRI-20180508-02-JP-4-6,100,100.歯がグラグラする,4,0,2018/9/30 18:00:00,0,2018/9/18 9:00:00,歯がグラグラする, false, false
LGWMRI-20180508-02-JP-4-6,101,101.水族館のペンギン,4,0,2018/9/30 18:00:00,0,2018/9/18 9:00:00,水族館のペンギン, false, false
LGWMRI-20180508-02-JP-4-6,102,102.ビーフシチューが食べたい,4,0,2018/9/30 18:00:00,0,2018/9/18 9:00:00,ビーフシチューが食べたい, false, false
LGWMRI-20180508-02-JP-4-6,103,103.新しいレインコート,4,0,2018/9/30 18:00:00,0,2018/9/18 9:00:00,新しいレインコート, false, false
LGWMRI-20180508-02-JP-4-6,104,104.牧場の牛,4,0,2018/9/30 18:00:00,0,2018/9/18 9:00:00,牧場の牛, false, false
LGWMRI-20180508-02-JP-4-6,105,105.ことわざを習う,4,0,2018/9/30 18:00:00,0,2018/9/18 9:00:00,ことわざを習う, false, false
LGWMRI-20180508-02-JP-4-6,106,106.800万回も聞いた話,4,0,2018/9/30 18:00:00,0,2018/9/18 9:00:00,800万回も聞いた話, false, false
LGWMRI-20180508-02-JP-4-6,107,107.冬は風がピューピュー吹く,4,0,2018/9/30 18:00:00,0,2018/9/18 9:00:00,冬は風がピューピュー吹く, false, false
LGWMRI-20180508-02-JP-4-6,108,108.赤ちゃんがオギャーと泣く,4,0,2018/9/30 18:00:00,0,2018/9/18 9:00:00,赤ちゃんがオギャーと泣く, false, false
LGWMRI-20180508-02-JP-4-6,109,109.病院で注射をする,4,0,2018/9/30 18:00:00,0,2018/9/18 9:00:00,病院で注射をする, false, false
LGWMRI-20180508-02-JP-4-6,110,110.シュークリーム,4,0,2018/9/30 18:00:00,0,2018/9/18 9:00:00,シュークリーム, false, false
LGWMRI-20180508-02-JP-4-6,111,111.ツルがにょきにょきと伸びる,4,0,2018/9/30 18:00:00,0,2018/9/18 9:00:00,ツルがにょきにょきと伸びる, false, false
LGWMRI-20180508-02-JP-4-6,112,112.ひゅうがなつという果物,4,0,2018/9/30 18:00:00,0,2018/9/18 9:00:00,ひゅうがなつという果物, false, false
LGWMRI-20180508-02-JP-4-6,113,113.水が300グラム必要,4,0,2018/9/30 18:00:00,0,2018/9/18 9:00:00,水が300グラム必要, false, false
LGWMRI-20180508-02-JP-4-6,114,114.車がびゅんびゅん通る,4,0,2018/9/30 18:00:00,0,2018/9/18 9:00:00,車がびゅんびゅん通る, false, false
LGWMRI-20180508-02-JP-4-6,115,115.ミャーミャー泣いているのは誰だい?,4,0,2018/9/30 18:00:00,0,2018/9/18 9:00:00,ミャーミャー泣いているのは誰だい?, false, false
LGWMRI-20180508-02-JP-4-6,116,116.ミューツーというポケモン,4,0,2018/9/30 18:00:00,0,2018/9/18 9:00:00,ミューツーというポケモン, false, false
LGWMRI-20180508-02-JP-4-6,117,117.竜宮城に行ってみたい,4,0,2018/9/30 18:00:00,0,2018/9/18 9:00:00,竜宮城に行ってみたい, false, false
LGWMRI-20180508-02-JP-4-6,118,118.温泉旅行,4,0,2018/9/30 18:00:00,0,2018/9/18 9:00:00,温泉旅行, false, false
LGWMRI-20180508-02-JP-4-6,119,119.みょうがという食べ物,4,0,2018/9/30 18:00:00,0,2018/9/18 9:00:00,みょうがという食べ物, false, false
LGWMRI-20180508-02-JP-4-6,120,120.桜の花びら,4,0,2018/9/30 18:00:00,0,2018/9/18 9:00:00,桜の花びら, false, false
LGWMRI-20180508-02-JP-4-6,121,121.金の絵の具,4,0,2018/9/30 18:00:00,0,2018/9/18 9:00:00,金の絵の具, false, false
LGWMRI-20180508-02-JP-4-6,122,122.セーターを編む,4,0,2018/9/30 18:00:00,0,2018/9/18 9:00:00,セーターを編む, false, false
LGWMRI-20180508-02-JP-4-6,123,123.チェック柄のスカート,4,0,2018/9/30 18:00:00,0,2018/9/18 9:00:00,チェック柄のスカート, false, false
LGWMRI-20180508-02-JP-4-6,124,124.れんこん,4,0,2018/9/30 18:00:00,0,2018/9/18 9:00:00,れんこん, false, false
LGWMRI-20180508-02-JP-4-6,125,125.宇宙人と友達になる,4,0,2018/9/30 18:00:00,0,2018/9/18 9:00:00,宇宙人と友達になる, false, false
LGWMRI-20180508-02-JP-4-6,126,126.ハイチュウ,4,0,2018/9/30 18:00:00,0,2018/9/18 9:00:00,ハイチュウ, false, false
LGWMRI-20180508-02-JP-4-6,127,127.お弁当のウィンナー,4,0,2018/9/30 18:00:00,0,2018/9/18 9:00:00,お弁当のウィンナー, false, false
LGWMRI-20180508-02-JP-4-6,128,128.流れ星を発見する,4,0,2018/9/30 18:00:00,0,2018/9/18 9:00:00,流れ星を発見する, false, false
LGWMRI-20180508-02-JP-4-6,129,129.今日の夜ご飯はカレー,4,0,2018/9/30 18:00:00,0,2018/9/18 9:00:00,今日の夜ご飯はカレー, false, false
LGWMRI-20180508-02-JP-4-6,130,130.マクドナルド,4,0,2018/9/30 18:00:00,0,2018/9/18 9:00:00,マクドナルド, false, false
LGWMRI-20180508-02-JP-4-6,131,131.来週は運動会,4,0,2018/9/30 18:00:00,0,2018/9/18 9:00:00,来週は運動会, false, false
LGWMRI-20180508-02-JP-4-6,132,132.ハンバーグが食べたい,4,0,2018/9/30 18:00:00,0,2018/9/18 9:00:00,ハンバーグが食べたい, false, false
LGWMRI-20180508-02-JP-4-6,133,133.初めて雪を見る,4,0,2018/9/30 18:00:00,0,2018/9/18 9:00:00,初めて雪を見る, false, false
LGWMRI-20180508-02-JP-4-6,134,134.世界中の子どもたち,4,0,2018/9/30 18:00:00,0,2018/9/18 9:00:00,世界中の子どもたち, false, false
LGWMRI-20180508-02-JP-4-6,135,135.シンデレラは舞踏会に出かけました,4,0,2018/9/30 18:00:00,0,2018/9/18 9:00:00,シンデレラは舞踏会に出かけました, false, false
LGWMRI-20180508-02-JP-4-6,136,136.家族でディズニーランドに行く,4,0,2018/9/30 18:00:00,0,2018/9/18 9:00:00,家族でディズニーランドに行く, false, false
LGWMRI-20180508-02-JP-4-6,137,137.パリパリのおせんべい,4,0,2018/9/30 18:00:00,0,2018/9/18 9:00:00,パリパリのおせんべい, false, false
LGWMRI-20180508-02-JP-4-6,138,138.ビー玉を転がす,4,0,2018/9/30 18:00:00,0,2018/9/18 9:00:00,ビー玉を転がす, false, false
LGWMRI-20180508-02-JP-4-6,139,139.チャーハンの作り方を覚える,4,0,2018/9/30 18:00:00,0,2018/9/18 9:00:00,チャーハンの作り方を覚える, false, false
LGWMRI-20180508-02-JP-4-6,140,140.宝箱に入ってる宝石,4,0,2018/9/30 18:00:00,0,2018/9/18 9:00:00,宝箱に入ってる宝石, false, false
LGWMRI-20180508-02-JP-4-6,141,141.焼きたてのアップルパイ,4,0,2018/9/30 18:00:00,0,2018/9/18 9:00:00,焼きたてのアップルパイ, false, false
LGWMRI-20180508-02-JP-4-6,142,142.双子の兄弟,4,0,2018/9/30 18:00:00,0,2018/9/18 9:00:00,双子の兄弟, false, false
LGWMRI-20180508-02-JP-4-6,143,143.ゆで卵,4,0,2018/9/30 18:00:00,0,2018/9/18 9:00:00,ゆで卵, false, false
LGWMRI-20180508-02-JP-4-6,144,144.冬はグラタンが食べたい,4,0,2018/9/30 18:00:00,0,2018/9/18 9:00:00,冬はグラタンが食べたい, false, false
LGWMRI-20180508-02-JP-4-6,145,145.炊き込みご飯,4,0,2018/9/30 18:00:00,0,2018/9/18 9:00:00,炊き込みご飯, false, false
LGWMRI-20180508-02-JP-4-6,146,146.流れるプールは楽しいです,4,0,2018/9/30 18:00:00,0,2018/9/18 9:00:00,流れるプールは楽しいです, false, false
LGWMRI-20180508-02-JP-4-6,147,147.明後日はピクニック,4,0,2018/9/30 18:00:00,0,2018/9/18 9:00:00,明後日はピクニック, false, false
LGWMRI-20180508-02-JP-4-6,148,148.スパゲッティ,4,0,2018/9/30 18:00:00,0,2018/9/18 9:00:00,スパゲッティ, false, false
LGWMRI-20180508-02-JP-4-6,149,149.お年玉がそこを尽きた,4,0,2018/9/30 18:00:00,0,2018/9/18 9:00:00,お年玉がそこを尽きた, false, false
LGWMRI-20180508-02-JP-4-6,150,150.森林浴,4,0,2018/9/30 18:00:00,0,2018/9/18 9:00:00,森林浴, false, false
LGWMRI-20180508-02-JP-4-6,151,151.救急車の音はピーポーピーポー,4,0,2018/9/30 18:00:00,0,2018/9/18 9:00:00,救急車の音はピーポーピーポー, false, false
LGWMRI-20180508-02-JP-4-6,152,152.7時のニュース,4,0,2018/9/30 18:00:00,0,2018/9/18 9:00:00,7時のニュース, false, false
LGWMRI-20180508-02-JP-4-6,153,153.1月1日は元日,4,0,2018/9/30 18:00:00,0,2018/9/18 9:00:00,1月1日は元日, false, false
LGWMRI-20180508-02-JP-4-6,154,154.手がベタベタ,4,0,2018/9/30 18:00:00,0,2018/9/18 9:00:00,手がベタベタ, false, false
LGWMRI-20180508-02-JP-4-6,155,155.ぎゅうぎゅう詰めの電車,4,0,2018/9/30 18:00:00,0,2018/9/18 9:00:00,ぎゅうぎゅう詰めの電車, false, false
LGWMRI-20180508-02-JP-4-6,156,156.恐竜が出てくる物語,4,0,2018/9/30 18:00:00,0,2018/9/18 9:00:00,恐竜が出てくる物語, false, false
LGWMRI-20180508-02-JP-4-6,157,157.夏はきゅうりが美味しい,4,0,2018/9/30 18:00:00,0,2018/9/18 9:00:00,夏はきゅうりが美味しい, false, false
LGWMRI-20180508-02-JP-4-6,158,158.紅茶とジュース,4,0,2018/9/30 18:00:00,0,2018/9/18 9:00:00,紅茶とジュース, false, false
LGWMRI-20180508-02-JP-4-6,159,159.ボートを漕ぐ名人,4,0,2018/9/30 18:00:00,0,2018/9/18 9:00:00,ボートを漕ぐ名人, false, false
LGWMRI-20180508-02-JP-4-6,160,160.飛行機に乗る,4,0,2018/9/30 18:00:00,0,2018/9/18 9:00:00,飛行機に乗る, false, false
LGWMRI-20180508-02-JP-4-6,161,161.プレゼントをもらう,4,0,2018/9/30 18:00:00,0,2018/9/18 9:00:00,プレゼントをもらう, false, false
LGWMRI-20180508-02-JP-4-6,162,162.だるまちゃんとてんぐちゃん,4,0,2018/9/30 18:00:00,0,2018/9/18 9:00:00,だるまちゃんとてんぐちゃん, false, false
LGWMRI-20180508-02-JP-4-6,163,163.そうめんをズズっとすする,4,0,2018/9/30 18:00:00,0,2018/9/18 9:00:00,そうめんをズズっとすする, false, false
LGWMRI-20180508-02-JP-4-6,164,164.雑巾がけのプロ,4,0,2018/9/30 18:00:00,0,2018/9/18 9:00:00,雑巾がけのプロ, false, false
LGWMRI-20180508-02-JP-4-6,165,165.マスカットのゼリー,4,0,2018/9/30 18:00:00,0,2018/9/18 9:00:00,マスカットのゼリー, false, false
LGWMRI-20180508-02-JP-4-6,166,166.今年は2018年,4,0,2018/9/30 18:00:00,0,2018/9/18 9:00:00,今年は2018年, false, false
LGWMRI-20180508-02-JP-4-6,167,167.夏休みは海に行きたい,4,0,2018/9/30 18:00:00,0,2018/9/18 9:00:00,夏休みは海に行きたい, false, false
LGWMRI-20180508-02-JP-4-6,168,168.カブトムシを捕まえる,4,0,2018/9/30 18:00:00,0,2018/9/18 9:00:00,カブトムシを捕まえる, false, false
LGWMRI-20180508-02-JP-4-6,169,169.ユーチューブ,4,0,2018/9/30 18:00:00,0,2018/9/18 9:00:00,ユーチューブ, false, false
LGWMRI-20180508-02-JP-4-6,170,170.雪がしんしん積もる,4,0,2018/9/30 18:00:00,0,2018/9/18 9:00:00,雪がしんしん積もる, false, false
LGWMRI-20180508-02-JP-4-6,171,171.図鑑に載ってる生き物,4,0,2018/9/30 18:00:00,0,2018/9/18 9:00:00,図鑑に載ってる生き物, false, false
LGWMRI-20180508-02-JP-4-6,172,172.座布団一枚,4,0,2018/9/30 18:00:00,0,2018/9/18 9:00:00,座布団一枚, false, false
LGWMRI-20180508-02-JP-4-6,173,173.Tシャツと短パン,4,0,2018/9/30 18:00:00,0,2018/9/18 9:00:00,Tシャツと短パン, false, false
LGWMRI-20180508-02-JP-4-6,174,174.リンスインシャンプー,4,0,2018/9/30 18:00:00,0,2018/9/18 9:00:00,リンスインシャンプー, false, false
LGWMRI-20180508-02-JP-4-6,175,175.天ぷらうどん,4,0,2018/9/30 18:00:00,0,2018/9/18 9:00:00,天ぷらうどん, false, false
LGWMRI-20180508-02-JP-4-6,176,176.連絡帳,4,0,2018/9/30 18:00:00,0,2018/9/18 9:00:00,連絡帳, false, false
LGWMRI-20180508-02-JP-4-6,177,177.切符は右のポケット,4,0,2018/9/30 18:00:00,0,2018/9/18 9:00:00,切符は右のポケット, false, false
LGWMRI-20180508-02-JP-4-6,178,178.髪の毛をジョキジョキ切る,4,0,2018/9/30 18:00:00,0,2018/9/18 9:00:00,髪の毛をジョキジョキ切る, false, false
LGWMRI-20180508-02-JP-4-6,179,179.新幹線でおでかけする,4,0,2018/9/30 18:00:00,0,2018/9/18 9:00:00,新幹線でおでかけする, false, false
LGWMRI-20180508-02-JP-4-6,180,180.キョロキョロ見回す,4,0,2018/9/30 18:00:00,0,2018/9/18 9:00:00,キョロキョロ見回す, false, false
LGWMRI-20180508-02-JP-4-6,181,181.おばあちゃんの昔話,4,0,2018/9/30 18:00:00,0,2018/9/18 9:00:00,おばあちゃんの昔話, false, false
LGWMRI-20180508-02-JP-4-6,182,182.自転車の練習,4,0,2018/9/30 18:00:00,0,2018/9/18 9:00:00,自転車の練習, false, false
LGWMRI-20180508-02-JP-4-6,183,183.冷やし中華,4,0,2018/9/30 18:00:00,0,2018/9/18 9:00:00,冷やし中華, false, false
LGWMRI-20180508-02-JP-4-6,184,184.ロボット博物館,4,0,2018/9/30 18:00:00,0,2018/9/18 9:00:00,ロボット博物館, false, false
LGWMRI-20180508-02-JP-4-6,185,185.ジェットコースター,4,0,2018/9/30 18:00:00,0,2018/9/18 9:00:00,ジェットコースター, false, false
LGWMRI-20180508-02-JP-4-6,186,186.天気予報をチェックする,4,0,2018/9/30 18:00:00,0,2018/9/18 9:00:00,天気予報をチェックする, false, false
LGWMRI-20180508-02-JP-4-6,187,187.松ぼっくり拾い,4,0,2018/9/30 18:00:00,0,2018/9/18 9:00:00,松ぼっくり拾い, false, false
LGWMRI-20180508-02-JP-4-6,188,188.メロンソーダ,4,0,2018/9/30 18:00:00,0,2018/9/18 9:00:00,メロンソーダ, false, false
LGWMRI-20180508-02-JP-4-6,189,189.ジョウロで花に水をやる,4,0,2018/9/30 18:00:00,0,2018/9/18 9:00:00,ジョウロで花に水をやる, false, false
LGWMRI-20180508-02-JP-4-6,190,190.年末年始の大掃除,4,0,2018/9/30 18:00:00,0,2018/9/18 9:00:00,年末年始の大掃除, false, false
LGWMRI-20180508-02-JP-4-6,191,191.ピカチュウは電気タイプ,4,0,2018/9/30 18:00:00,0,2018/9/18 9:00:00,ピカチュウは電気タイプ, false, false
LGWMRI-20180508-02-JP-4-6,192,192.レッサーパンダ,4,0,2018/9/30 18:00:00,0,2018/9/18 9:00:00,レッサーパンダ, false, false
LGWMRI-20180508-02-JP-4-6,193,193.ミンミンゼミ,4,0,2018/9/30 18:00:00,0,2018/9/18 9:00:00,ミンミンゼミ, false, false
LGWMRI-20180508-02-JP-4-6,194,194.バナナシェイク,4,0,2018/9/30 18:00:00,0,2018/9/18 9:00:00,バナナシェイク, false, false
LGWMRI-20180508-02-JP-4-6,195,195.バニラアイス,4,0,2018/9/30 18:00:00,0,2018/9/18 9:00:00,バニラアイス, false, false
LGWMRI-20180508-02-JP-4-6,196,196.餅つき大会,4,0,2018/9/30 18:00:00,0,2018/9/18 9:00:00,餅つき大会, false, false
LGWMRI-20180508-02-JP-4-6,197,197.敵と味方,4,0,2018/9/30 18:00:00,0,2018/9/18 9:00:00,敵と味方, false, false
LGWMRI-20180508-02-JP-4-6,198,198.虫眼鏡で観察する,4,0,2018/9/30 18:00:00,0,2018/9/18 9:00:00,虫眼鏡で観察する, false, false
LGWMRI-20180508-02-JP-4-6,199,199.おさがりのパジャマ,4,0,2018/9/30 18:00:00,0,2018/9/18 9:00:00,おさがりのパジャマ, false, false
LGWMRI-20180508-02-JP-4-6,200,200.ティンカーベルの魔法の粉,4,0,2018/9/30 18:00:00,0,2018/9/18 9:00:00,ティンカーベルの魔法の粉, false, false
LGWMRI-20180508-02-JP-4-6,201,201.歯磨き粉,4,0,2018/9/30 18:00:00,0,2018/9/18 9:00:00,歯磨き粉, false, false
LGWMRI-20180508-02-JP-4-6,202,202.サンドイッチ,4,0,2018/9/30 18:00:00,0,2018/9/18 9:00:00,サンドイッチ, false, false
LGWMRI-20180508-02-JP-4-6,203,203.ハムとチーズのピザ,4,0,2018/9/30 18:00:00,0,2018/9/18 9:00:00,ハムとチーズのピザ, false, false
LGWMRI-20180508-02-JP-4-6,204,204.ザリガニ釣り,4,0,2018/9/30 18:00:00,0,2018/9/18 9:00:00,ザリガニ釣り, false, false
LGWMRI-20180508-02-JP-4-6,205,205.オルゴール,4,0,2018/9/30 18:00:00,0,2018/9/18 9:00:00,オルゴール, false, false
LGWMRI-20180508-02-JP-4-6,206,206.ジャックと豆の木,4,0,2018/9/30 18:00:00,0,2018/9/18 9:00:00,ジャックと豆の木, false, false
LGWMRI-20180508-02-JP-4-6,207,207.ツルの恩返し,4,0,2018/9/30 18:00:00,0,2018/9/18 9:00:00,ツルの恩返し, false, false
LGWMRI-20180508-02-JP-4-6,208,208.したきりスズメ,4,0,2018/9/30 18:00:00,0,2018/9/18 9:00:00,したきりスズメ, false, false
LGWMRI-20180508-02-JP-4-6,209,209.マッチ売りの少女,4,0,2018/9/30 18:00:00,0,2018/9/18 9:00:00,マッチ売りの少女, false, false
LGWMRI-20180508-02-JP-4-6,210,210.ヘンゼルとグレーテル,4,0,2018/9/30 18:00:00,0,2018/9/18 9:00:00,ヘンゼルとグレーテル, false, false
LGWMRI-20180508-02-JP-4-6,211,211.野菜や果物,4,0,2018/9/30 18:00:00,0,2018/9/18 9:00:00,野菜や果物, false, false
LGWMRI-20180508-02-JP-4-6,212,212.マラソンはやだ,4,0,2018/9/30 18:00:00,0,2018/9/18 9:00:00,マラソンはやだ, false, false
LGWMRI-20180508-02-JP-4-6,213,213.人魚姫,4,0,2018/9/30 18:00:00,0,2018/9/18 9:00:00,人魚姫, false, false
LGWMRI-20180508-02-JP-4-6,214,214.指相撲に勝つ,4,0,2018/9/30 18:00:00,0,2018/9/18 9:00:00,指相撲に勝つ, false, false
LGWMRI-20180508-02-JP-4-6,215,215.コーンスープ,4,0,2018/9/30 18:00:00,0,2018/9/18 9:00:00,コーンスープ, false, false
LGWMRI-20180508-02-JP-4-6,216,216.映画館に行く,4,0,2018/9/30 18:00:00,0,2018/9/18 9:00:00,映画館に行く, false, false
LGWMRI-20180508-02-JP-4-6,217,217.ろうそくの火,4,0,2018/9/30 18:00:00,0,2018/9/18 9:00:00,ろうそくの火, false, false
LGWMRI-20180508-02-JP-4-6,218,218.鉄道の模型,4,0,2018/9/30 18:00:00,0,2018/9/18 9:00:00,鉄道の模型, false, false
LGWMRI-20180508-02-JP-4-6,219,219.ズボンのチャック,4,0,2018/9/30 18:00:00,0,2018/9/18 9:00:00,ズボンのチャック, false, false
LGWMRI-20180508-02-JP-4-6,220,220.高速道路,4,0,2018/9/30 18:00:00,0,2018/9/18 9:00:00,高速道路, false, false
LGWMRI-20180508-02-JP-4-6,221,221.おみくじをひく,4,0,2018/9/30 18:00:00,0,2018/9/18 9:00:00,おみくじをひく, false, false
LGWMRI-20180508-02-JP-4-6,222,222.お内裏様とお雛様,4,0,2018/9/30 18:00:00,0,2018/9/18 9:00:00,お内裏様とお雛様, false, false
LGWMRI-20180508-02-JP-4-6,223,223.クリスマスパーティー,4,0,2018/9/30 18:00:00,0,2018/9/18 9:00:00,クリスマスパーティー, false, false
LGWMRI-20180508-02-JP-4-6,224,224.ザーザー降りの雨,4,0,2018/9/30 18:00:00,0,2018/9/18 9:00:00,ザーザー降りの雨, false, false
LGWMRI-20180508-02-JP-4-6,225,225.障子を破る,4,0,2018/9/30 18:00:00,0,2018/9/18 9:00:00,障子を破る, false, false
LGWMRI-20180508-02-JP-4-6,226,226.身長と体重,4,0,2018/9/30 18:00:00,0,2018/9/18 9:00:00,身長と体重, false, false
LGWMRI-20180508-02-JP-4-6,227,227.40度の熱,4,0,2018/9/30 18:00:00,0,2018/9/18 9:00:00,40度の熱, false, false
LGWMRI-20180508-02-JP-4-6,228,228.足がもっと速くなりたい,4,0,2018/9/30 18:00:00,0,2018/9/18 9:00:00,足がもっと速くなりたい, false, false
LGWMRI-20180508-02-JP-4-6,229,229.お昼寝の時間,4,0,2018/9/30 18:00:00,0,2018/9/18 9:00:00,お昼寝の時間, false, false
LGWMRI-20180508-02-JP-4-6,230,230.猫アレルギーを治す,4,0,2018/9/30 18:00:00,0,2018/9/18 9:00:00,猫アレルギーを治す, false, false
LGWMRI-20180508-02-JP-4-6,231,231.インフルエンザ,4,0,2018/9/30 18:00:00,0,2018/9/18 9:00:00,インフルエンザ, false, false
LGWMRI-20180508-02-JP-4-6,232,232.マフィンの甘い香り,4,0,2018/9/30 18:00:00,0,2018/9/18 9:00:00,マフィンの甘い香り, false, false
LGWMRI-20180508-02-JP-4-6,233,233.コンピューターゲーム,4,0,2018/9/30 18:00:00,0,2018/9/18 9:00:00,コンピューターゲーム, false, false
LGWMRI-20180508-02-JP-4-6,234,234.ジャンボジェット機,4,0,2018/9/30 18:00:00,0,2018/9/18 9:00:00,ジャンボジェット機, false, false
LGWMRI-20180508-02-JP-4-6,235,235.インタビューを受ける,4,0,2018/9/30 18:00:00,0,2018/9/18 9:00:00,インタビューを受ける, false, false
LGWMRI-20180508-02-JP-4-6,236,236.にんじんサラダ,4,0,2018/9/30 18:00:00,0,2018/9/18 9:00:00,にんじんサラダ, false, false
LGWMRI-20180508-02-JP-4-6,237,237.かぼちゃ,4,0,2018/9/30 18:00:00,0,2018/9/18 9:00:00,かぼちゃ, false, false
LGWMRI-20180508-02-JP-4-6,238,238.お赤飯,4,0,2018/9/30 18:00:00,0,2018/9/18 9:00:00,お赤飯, false, false
LGWMRI-20180508-02-JP-4-6,239,239.秘密のポシェット,4,0,2018/9/30 18:00:00,0,2018/9/18 9:00:00,秘密のポシェット, false, false
LGWMRI-20180508-02-JP-4-6,240,240.へのへのもへじ,4,0,2018/9/30 18:00:00,0,2018/9/18 9:00:00,へのへのもへじ, false, false
LGWMRI-20180508-02-JP-4-6,241,241.保育園,4,0,2018/9/30 18:00:00,0,2018/9/18 9:00:00,保育園, false, false
LGWMRI-20180508-02-JP-4-6,242,242.101匹ワンちゃん,4,0,2018/9/30 18:00:00,0,2018/9/18 9:00:00,101匹ワンちゃん, false, false
LGWMRI-20180508-02-JP-4-6,243,243.ひょっこりはん,4,0,2018/9/30 18:00:00,0,2018/9/18 9:00:00,ひょっこりはん, false, false
LGWMRI-20180508-02-JP-4-6,244,244.ポッコリ出たお腹,4,0,2018/9/30 18:00:00,0,2018/9/18 9:00:00,ポッコリ出たお腹, false, false
LGWMRI-20180508-02-JP-4-6,245,245.ポッキーゲーム,4,0,2018/9/30 18:00:00,0,2018/9/18 9:00:00,ポッキーゲーム, false, false
LGWMRI-20180508-02-JP-4-6,246,246.げっそり痩せた猫,4,0,2018/9/30 18:00:00,0,2018/9/18 9:00:00,げっそり痩せた猫, false, false
LGWMRI-20180508-02-JP-4-6,247,247.ぞうりを履く,4,0,2018/9/30 18:00:00,0,2018/9/18 9:00:00,ぞうりを履く, false, false
LGWMRI-20180508-02-JP-4-6,248,248.家族でジェンガをやる,4,0,2018/9/30 18:00:00,0,2018/9/18 9:00:00,家族でジェンガをやる, false, false
LGWMRI-20180508-02-JP-4-6,249,249.食パン,4,0,2018/9/30 18:00:00,0,2018/9/18 9:00:00,食パン, false, false
LGWMRI-20180508-02-JP-4-6,250,250.しゅりけん,4,0,2018/9/30 18:00:00,0,2018/9/18 9:00:00,しゅりけん, false, false
LGWMRI-20180508-02-JP-4-6,251,251.塩とコショウ,4,0,2018/9/30 18:00:00,0,2018/9/18 9:00:00,塩とコショウ, false, false
LGWMRI-20180508-02-JP-4-6,252,252.マシュマロ,4,0,2018/9/30 18:00:00,0,2018/9/18 9:00:00,マシュマロ, false, false
LGWMRI-20180508-02-JP-4-6,253,253.チェスの大会,4,0,2018/9/30 18:00:00,0,2018/9/18 9:00:00,チェスの大会, false, false
LGWMRI-20180508-02-JP-4-6,254,254.アメリカンチェリー,4,0,2018/9/30 18:00:00,0,2018/9/18 9:00:00,アメリカンチェリー, false, false
LGWMRI-20180508-02-JP-4-6,255,255.お腹がペコペコ,4,0,2018/9/30 18:00:00,0,2018/9/18 9:00:00,お腹がペコペコ, false, false
LGWMRI-20180508-02-JP-4-6,256,256.百貨店,4,0,2018/9/30 18:00:00,0,2018/9/18 9:00:00,百貨店, false, false
LGWMRI-20180508-02-JP-4-6,257,257.ひょろひょろのお野菜,4,0,2018/9/30 18:00:00,0,2018/9/18 9:00:00,ひょろひょろのお野菜, false, false
LGWMRI-20180508-02-JP-4-6,258,258.兵庫県,4,0,2018/9/30 18:00:00,0,2018/9/18 9:00:00,兵庫県, false, false
LGWMRI-20180508-02-JP-4-6,259,259.お腹と背中がぺったんこ,4,0,2018/9/30 18:00:00,0,2018/9/18 9:00:00,お腹と背中がぺったんこ, false, false
LGWMRI-20180508-02-JP-4-6,260,260.汽車が出発の笛を鳴らす,4,0,2018/9/30 18:00:00,0,2018/9/18 9:00:00,汽車が出発の笛を鳴らす, false, false
LGWMRI-20180508-02-JP-4-6,261,261.ぬいぐるみのぬくもり,4,0,2018/9/30 18:00:00,0,2018/9/18 9:00:00,ぬいぐるみのぬくもり, false, false
LGWMRI-20180508-02-JP-4-6,262,262.ポカポカの毛布,4,0,2018/9/30 18:00:00,0,2018/9/18 9:00:00,ポカポカの毛布, false, false
LGWMRI-20180508-02-JP-4-6,263,263.100万回生きた猫,4,0,2018/9/30 18:00:00,0,2018/9/18 9:00:00,100万回生きた猫, false, false
LGWMRI-20180508-02-JP-4-6,264,264.平成30年,4,0,2018/9/30 18:00:00,0,2018/9/18 9:00:00,平成30年, false, false
LGWMRI-20180508-02-JP-4-6,265,265.しゃっくりが止まらない,4,0,2018/9/30 18:00:00,0,2018/9/18 9:00:00,しゃっくりが止まらない, false, false